{
    "footage": [
        [
            "secundario_7.18am_17.49pm_dia26.2"
        ]
    ],
    "image_used": [
        "resources/satellite_images/R. Andrade Corvo.png"
    ],
    "cam_matrix": [
        [
            949.41101759,
            0.0,
            980.46337733
        ],
        [
            0.0,
            951.78605655,
            551.79651848
        ],
        [
            0.0,
            0.0,
            1.0
        ]
    ],
    "dist": [
        [
            -0.2410318,
            0.06702582,
            -0.00241251,
            -0.00658214,
            -0.00977013
        ]
    ],
    "info_corner_coordinates": [
        [
            "top left, bottom left,bottom right,top right "
        ]
    ],
    "corner_coordinates": [
        [
            -9.147863,
            38.730403
        ],
        [
            -9.147863,
            38.730015
        ],
        [
            -9.147383,
            38.730015
        ],
        [
            -9.147383,
            38.730403
        ]
    ],
    "info_regarding_source_pts": [
        [
            ""
        ]
    ],
    "source_pts": [
        [
            1902,
            479
        ],
        [
            1643,
            479
        ],
        [
            1351,
            507
        ],
        [
            1234,
            514
        ],
        [
            1122,
            533
        ],
        [
            424,
            918
        ],
        [
            1359,
            1002
        ],
        [
            1597,
            998
        ],
        [
            1846,
            983
        ],
        [
            1604,
            508
        ],
        [
            1717,
            500
        ],
        [
            1737,
            516
        ],
        [
            802,
            683
        ],
        [
            719,
            743
        ],
        [
            583,
            816
        ],
        [
            467,
            892
        ],
        [
            681,
            950
        ],
        [
            868,
            1005
        ],
        [
            938,
            732
        ],
        [
            1172,
            733
        ],
        [
            1250,
            663
        ],
        [
            800,
            667
        ],
        [
            792,
            642
        ],
        [
            786,
            606
        ],
        [
            849,
            690
        ],
        [
            1042,
            658
        ]
    ],
    "projection_pts": [
        [
            424,
            681
        ],
        [
            623,
            668
        ],
        [
            787,
            515
        ],
        [
            882,
            490
        ],
        [
            882,
            413
        ],
        [
            429,
            3
        ],
        [
            338,
            133
        ],
        [
            322,
            145
        ],
        [
            302,
            163
        ],
        [
            582,
            554
        ],
        [
            533,
            576
        ],
        [
            500,
            536
        ],
        [
            599,
            115
        ],
        [
            546,
            85
        ],
        [
            506,
            53
        ],
        [
            452,
            19
        ],
        [
            408,
            30
        ],
        [
            381,
            53
        ],
        [
            475,
            120
        ],
        [
            436,
            146
        ],
        [
            478,
            213
        ],
        [
            646,
            119
        ],
        [
            704,
            125
        ],
        [
            876,
            145
        ],
        [
            592,
            138
        ],
        [
            564,
            204
        ]
    ]
}