{
    "footage": [
        [
            "secundario_7.18am_17.49pm_dia26.2"
        ]
    ],
    "image_used": [
        "resources/satellite_images/R. Andrade Corvo.png"
    ],
    "cam_matrix": [
        [
            949.41101759,
            0.0,
            980.46337733
        ],
        [
            0.0,
            951.78605655,
            551.79651848
        ],
        [
            0.0,
            0.0,
            1.0
        ]
    ],
    "dist": [
        [
            -0.2410318,
            0.06702582,
            -0.00241251,
            -0.00658214,
            -0.00977013
        ]
    ],
    "info_corner_coordinates": [
        [
            "top left, bottom left,bottom right,top right "
        ]
    ],
    "corner_coordinates": [
        [
            -9.147863,
            38.730403
        ],
        [
            -9.147863,
            38.730015
        ],
        [
            -9.147383,
            38.730015
        ],
        [
            -9.147383,
            38.730403
        ]
    ],
    "info_regarding_source_pts": [
        [
            ""
        ]
    ],
    "source_pts": [
        [
            350,
            975
        ],
        [
            453,
            728
        ],
        [
            993,
            734
        ],
        [
            1522,
            739
        ],
        [
            1899,
            742
        ],
        [
            477,
            390
        ],
        [
            982,
            388
        ],
        [
            1515,
            386
        ]
    ],
    "projection_pts": [
        [
            523,
            474
        ],
        [
            493,
            553
        ],
        [
            315,
            471
        ],
        [
            134,
            380
        ],
        [
            7,
            324
        ],
        [
            419,
            703
        ],
        [
            226,
            611
        ],
        [
            48,
            532
        ]
    ]
}